City_ID,City,Country,Lat,Lng,Max Temp,Humidity,Cloudiness,Wind Speed,Current Description
0,Jamestown,US,42.097,-79.2353,63.72,87,1,1.01,clear sky
1,Peniche,PT,39.3558,-9.3811,63.63,89,31,11.25,scattered clouds
2,Cape Town,ZA,-33.9258,18.4232,54.88,90,75,1.01,mist
3,Hobart,AU,-42.8794,147.3294,53.46,64,75,1.99,light rain
4,Fuengirola,ES,36.54,-4.6247,77.0,38,0,10.36,clear sky
5,Lavrentiya,RU,65.5833,-171.0,41.67,89,100,4.97,overcast clouds
6,Castelfranco Emilia,IT,44.5958,11.052,76.21,79,0,2.3,clear sky
7,Biak,ID,-0.9131,122.8766,82.17,73,29,6.82,scattered clouds
8,Saint George,US,37.1041,-113.5841,84.25,45,1,1.99,clear sky
9,Chirongui,YT,-12.9319,45.1483,76.93,68,6,19.75,clear sky
10,Hilo,US,19.7297,-155.09,82.13,72,75,11.5,broken clouds
11,Victoria,HK,22.2855,114.1577,91.04,82,100,5.01,overcast clouds
12,Clyde River,CA,70.4692,-68.5914,39.43,93,90,3.44,overcast clouds
13,Kotelnich,RU,58.3089,48.348,62.17,74,10,7.7,clear sky
14,Catamarca,AR,-28.4696,-65.7852,51.78,56,0,5.44,clear sky
15,Rikitea,PF,-23.1203,-134.9692,70.43,73,10,15.73,light rain
16,Port Alfred,ZA,-33.5906,26.891,63.88,31,55,8.16,broken clouds
17,Vardo,NO,70.3705,31.1107,48.34,92,100,11.16,overcast clouds
18,Cayenne,GF,4.9333,-52.3333,83.08,80,0,1.99,clear sky
19,Butaritari,KI,3.0707,172.7902,82.15,73,13,8.99,few clouds
20,Punta Arenas,CL,-53.15,-70.9167,42.91,70,0,19.57,clear sky
21,Thompson,CA,55.7435,-97.8558,63.27,63,51,5.17,broken clouds
22,Bethel,US,41.3712,-73.414,65.05,84,1,3.44,clear sky
23,Hermanus,ZA,-34.4187,19.2345,55.8,90,57,8.9,broken clouds
24,Hasaki,JP,35.7333,140.8333,97.29,76,14,9.51,few clouds
25,Qaanaaq,GL,77.484,-69.3632,40.08,92,97,1.72,overcast clouds
26,Mahebourg,MU,-20.4081,57.7,71.26,74,31,19.53,light rain
27,Nabire,ID,-3.3667,135.4833,85.86,67,77,3.71,broken clouds
28,Santa Barbara,US,34.7333,-120.0343,72.34,66,1,5.75,clear sky
29,Naze,JP,28.3667,129.4833,80.04,86,92,13.6,overcast clouds
30,Tiksi,RU,71.6872,128.8694,44.96,77,60,10.51,broken clouds
31,Ulaanbaatar,MN,47.9077,106.8832,66.33,55,0,2.24,clear sky
32,Tsuruoka,JP,38.7217,139.8217,84.09,71,25,11.63,scattered clouds
33,Ilulissat,GL,69.2167,-51.1,44.62,65,100,4.61,overcast clouds
34,Concarneau,FR,47.875,-3.9225,57.99,90,15,6.33,few clouds
35,Mar Del Plata,AR,-38.0023,-57.5575,48.13,28,7,5.01,mist
36,Chimore,BO,-16.9833,-65.1333,63.99,60,3,3.02,clear sky
37,Eravur,LK,7.7733,81.6095,84.54,60,97,6.38,overcast clouds
38,Puerto Ayora,EC,-0.7393,-90.3518,71.55,91,5,7.0,clear sky
39,Deputatskiy,RU,69.3,139.9,51.26,52,41,8.75,scattered clouds
40,Saint-Philippe,RE,-21.3585,55.7679,65.75,81,36,11.5,scattered clouds
41,Busselton,AU,-33.65,115.3333,49.08,68,96,29.42,overcast clouds
42,Vaini,TO,-21.2,-175.2,77.16,69,20,25.32,few clouds
43,Rossland,CA,49.0831,-117.8022,87.66,31,94,1.01,overcast clouds
44,Katsuura,JP,35.1333,140.3,89.71,69,4,10.18,clear sky
45,Palmer,US,42.1584,-72.3287,61.21,82,20,0.0,few clouds
46,Bontang,ID,0.1333,117.5,82.11,78,100,7.4,overcast clouds
47,Capinzal,BR,-27.3436,-51.6119,47.77,80,100,2.71,light rain
48,Bluff,NZ,-46.6,168.3333,48.79,91,98,1.39,overcast clouds
49,Khatanga,RU,71.9667,102.5,70.83,54,100,5.79,overcast clouds
50,Diego De Almagro,CL,-26.3667,-70.05,59.36,33,0,3.56,clear sky
51,Chuy,UY,-33.6971,-53.4616,47.05,92,38,3.76,scattered clouds
52,Waingapu,ID,-9.6567,120.2641,86.34,56,3,14.23,clear sky
53,Carnarvon,AU,-24.8667,113.6333,66.27,54,90,5.75,overcast clouds
54,Ahuimanu,US,21.4447,-157.8378,85.71,61,40,16.11,scattered clouds
55,Partyzany,UA,46.3314,34.7503,73.13,59,0,3.89,clear sky
56,Derzhavinsk,KZ,51.1,66.3167,81.05,44,30,4.56,scattered clouds
57,Atuona,PF,-9.8,-139.0333,77.16,67,92,14.03,overcast clouds
58,Yellowknife,CA,62.456,-114.3525,79.29,49,9,7.65,clear sky
59,Georgetown,MY,5.4112,100.3354,83.89,81,20,3.44,few clouds
60,Dudinka,RU,69.4058,86.1778,59.11,65,100,18.03,overcast clouds
61,Soyo,AO,-6.1349,12.3689,73.53,77,94,5.91,overcast clouds
62,Toronto,CA,43.7001,-79.4163,67.12,81,94,1.01,overcast clouds
63,Inirida,CO,3.8653,-67.9239,69.53,95,99,2.55,overcast clouds
64,Souillac,MU,-20.5167,57.5167,71.37,78,18,16.75,light rain
65,San Patricio,US,28.017,-97.5169,86.09,71,41,13.78,scattered clouds
66,Taksimo,RU,56.3444,114.8794,69.37,47,19,3.4,light rain
67,Kodiak,US,57.79,-152.4072,57.51,88,100,5.77,overcast clouds
68,Barrow,US,71.2906,-156.7887,51.82,89,90,18.41,light rain
69,Mount Isa,AU,-20.7333,139.5,89.37,23,68,13.8,broken clouds
70,Albany,US,42.6001,-73.9662,60.03,83,12,2.62,few clouds
71,Timbiqui,CO,2.7717,-77.6654,76.6,94,72,4.72,moderate rain
72,Bredasdorp,ZA,-34.5322,20.0403,55.27,93,100,6.33,overcast clouds
73,Ramsar,IR,36.9226,50.6426,78.91,86,72,1.03,broken clouds
74,Panguna,PG,-6.3164,155.4848,76.37,83,43,1.9,moderate rain
75,Dikson,RU,73.5069,80.5464,40.57,100,100,15.35,overcast clouds
76,Sayhat,SA,26.4852,50.0405,94.98,45,45,8.12,scattered clouds
77,Bengkulu,ID,-3.8004,102.2655,81.55,74,9,2.26,clear sky
78,Tyrma,RU,50.0833,132.1667,71.01,75,100,10.54,light rain
79,Esperance,AU,-33.8667,121.9,50.79,83,96,21.85,light rain
80,Bambous Virieux,MU,-20.3428,57.7575,71.22,73,33,19.64,light rain
81,Champasak,LA,14.75,106.0,81.77,80,100,4.81,overcast clouds
82,Ville-Marie,CA,47.3335,-79.433,52.47,92,100,0.69,overcast clouds
83,Kosh-Agach,RU,50.0,88.6667,58.35,49,2,3.76,clear sky
84,Morondava,MG,-20.2833,44.2833,66.4,66,0,11.72,clear sky
85,Salalah,OM,17.0151,54.0924,77.09,100,90,5.75,mist
86,Ca Mau,VN,9.1769,105.15,86.41,68,37,11.59,scattered clouds
87,Luderitz,NA,-26.6481,15.1594,68.02,26,0,13.27,clear sky
88,Nikolskoye,RU,59.7035,30.7861,61.79,94,79,5.06,light rain
89,Bonavista,CA,48.6499,-53.1147,62.11,82,8,21.52,clear sky
90,Korla,CN,41.7597,86.1469,78.37,22,1,15.66,clear sky
91,Beringovskiy,RU,63.05,179.3167,46.76,70,97,4.21,overcast clouds
92,Pandan,PH,14.0453,124.1694,89.29,64,98,10.92,overcast clouds
93,Saskylakh,RU,71.9167,114.0833,81.81,24,5,13.24,clear sky
94,Sioux Lookout,CA,50.1001,-91.917,54.77,72,66,3.18,broken clouds
95,Kalmunai,LK,7.4167,81.8167,84.36,64,71,9.8,broken clouds
96,Ushuaia,AR,-54.8,-68.3,44.26,57,40,11.5,scattered clouds
97,Kavieng,PG,-2.5744,150.7967,83.62,67,25,3.2,scattered clouds
98,Alofi,NU,-19.0595,-169.9187,77.79,84,99,26.66,light rain
99,Ko Samui,TH,9.5357,99.9357,82.74,77,95,17.43,overcast clouds
100,Hithadhoo,MV,-0.6,73.0833,81.25,72,75,5.64,broken clouds
101,Shakiso,ET,5.75,38.9167,56.46,91,100,3.31,overcast clouds
102,Talaya,RU,61.3833,152.75,57.81,61,96,16.49,overcast clouds
103,Baykit,RU,61.67,96.37,71.35,49,78,3.15,broken clouds
104,Pirovskoye,RU,57.6267,92.2658,70.93,56,65,4.29,broken clouds
105,Isangel,VU,-19.55,169.2667,72.25,53,9,16.17,clear sky
106,Ribeira Grande,PT,38.5167,-28.7,71.11,85,100,7.09,overcast clouds
107,Narsaq,GL,60.9167,-46.05,48.42,73,99,2.93,overcast clouds
108,Maymyo,MM,22.0333,96.4667,74.57,88,100,3.47,overcast clouds
109,Sangar,RU,63.9242,127.4739,80.58,33,2,3.42,clear sky
110,Severo-Kurilsk,RU,50.6789,156.125,56.25,84,93,12.91,overcast clouds
111,Berezovka,BY,53.7214,25.4993,60.69,96,28,6.62,scattered clouds
112,Kaka,TM,37.3482,59.6143,84.38,14,0,7.74,clear sky
113,Ostrovnoy,RU,68.0531,39.5131,47.75,89,39,5.08,scattered clouds
114,Tomatlan,MX,19.9333,-105.25,77.36,84,100,0.72,overcast clouds
115,Boromo,BF,11.75,-2.9333,71.49,95,99,4.0,overcast clouds
116,Ponta Do Sol,PT,32.6667,-17.1,70.43,68,12,9.01,few clouds
117,Makasar,ID,-5.14,119.4221,86.05,58,20,1.14,few clouds
118,Shingu,JP,33.7333,135.9833,85.91,66,9,6.04,clear sky
119,Yatou,CN,37.15,122.3833,85.37,67,0,11.5,light rain
120,Wilmington,US,34.2257,-77.9447,82.85,91,75,5.75,broken clouds
121,Lasem,ID,-6.6922,111.4527,85.75,57,22,7.05,few clouds
122,Upernavik,GL,72.7868,-56.1549,43.02,78,99,3.24,overcast clouds
123,Portland,US,45.5234,-122.6762,82.98,60,90,1.99,overcast clouds
124,Kudahuvadhoo,MV,2.6708,72.8944,82.18,72,41,5.59,scattered clouds
125,Sitka,US,57.0531,-135.33,62.49,77,90,4.61,overcast clouds
126,East London,ZA,-33.0153,27.9116,66.29,24,76,6.62,broken clouds
127,Wadena,US,46.4425,-95.1361,65.14,63,1,5.75,clear sky
128,Koboko,UG,3.4136,30.9599,62.01,94,100,1.1,overcast clouds
129,Yulara,AU,-25.2406,130.9889,67.84,37,0,5.75,clear sky
130,Cabo San Lucas,MX,22.8909,-109.9124,87.51,76,78,3.33,broken clouds
131,West Wendover,US,40.7391,-114.0733,81.61,34,20,8.05,few clouds
132,Fortuna,US,40.5982,-124.1573,59.94,90,90,6.91,overcast clouds
133,Khani,GE,41.9563,42.9566,62.17,87,9,2.84,clear sky
134,Jasper,US,37.2001,-94.3502,78.53,90,1,1.99,clear sky
135,Jiuquan,CN,39.7432,98.5174,78.67,25,100,7.45,overcast clouds
136,Longyearbyen,SJ,78.2186,15.6401,44.44,70,40,16.11,scattered clouds
137,Buraydah,SA,26.326,43.975,82.8,18,0,6.76,clear sky
138,Zabol,AF,32.25,67.25,76.82,17,2,11.12,clear sky
139,Lajas,PR,18.05,-67.0593,82.22,77,52,1.01,broken clouds
140,Sisimiut,GL,66.9395,-53.6735,51.48,70,86,3.67,overcast clouds
141,Broken Hill,AU,-31.95,141.4333,52.63,67,90,11.34,overcast clouds
142,Hamilton,US,39.1834,-84.5333,67.75,81,1,3.44,haze
143,Amapa,BR,1.0,-52.0,70.77,99,96,1.77,overcast clouds
144,Coquimbo,CL,-29.9533,-71.3436,47.93,93,7,8.05,clear sky
145,Itoman,JP,26.1247,127.6694,89.98,86,75,17.27,broken clouds
146,Veseloyarsk,RU,51.2836,81.1056,79.27,21,49,7.99,scattered clouds
147,Olafsvik,IS,64.8945,-23.7142,53.33,95,100,5.95,overcast clouds
148,Mao,ES,39.8885,4.2658,68.56,88,75,14.97,broken clouds
149,Airai,TL,-8.9266,125.4092,76.73,34,59,4.68,broken clouds
150,Thinadhoo,MV,0.5333,72.9333,81.7,71,12,3.11,few clouds
151,Djambala,CG,-2.5447,14.7533,68.65,67,100,3.47,overcast clouds
152,Hofn,IS,64.2539,-15.2082,51.57,90,39,5.66,scattered clouds
153,Nasice,HR,45.4886,18.0878,69.55,91,3,5.93,clear sky
154,Sao Gabriel Da Cachoeira,BR,-0.1303,-67.0892,74.79,74,100,1.07,overcast clouds
155,Tasiilaq,GL,65.6145,-37.6368,44.76,82,37,4.63,scattered clouds
156,Sao Filipe,CV,14.8961,-24.4956,75.24,87,66,9.57,broken clouds
157,Gamba,GA,-2.65,10.0,71.55,85,9,2.84,clear sky
158,Mayumba,GA,-3.432,10.6554,71.62,88,3,2.91,clear sky
159,Iquique,CL,-20.2208,-70.1431,59.04,76,83,4.9,broken clouds
160,Zhigansk,RU,66.7697,123.3711,77.52,38,12,10.47,few clouds
161,Belaya Gora,RU,68.5333,146.4167,48.67,61,100,21.97,overcast clouds
162,Raudeberg,NO,61.9875,5.1352,52.47,79,87,26.42,overcast clouds
163,Choma,ZM,-16.8065,26.9531,49.26,84,0,6.06,clear sky
164,Mitu,CO,1.1983,-70.1733,72.73,81,100,1.1,overcast clouds
165,Mataura,NZ,-46.1927,168.8643,48.47,98,100,0.49,overcast clouds
166,Kapaa,US,22.0752,-159.319,87.78,68,20,4.0,few clouds
167,Eyl,SO,7.9803,49.8164,77.2,63,100,16.55,overcast clouds
168,Sorland,NO,67.667,12.6934,49.32,73,100,14.32,overcast clouds
169,Aromashevo,RU,56.8602,68.6375,61.16,95,100,7.23,light rain
170,Encantado,BR,-29.2361,-51.8697,53.04,28,100,2.68,overcast clouds
171,Burns Lake,CA,54.2331,-125.7533,81.32,35,0,2.15,clear sky
172,Sao Joao Da Barra,BR,-21.6403,-41.0511,66.2,62,82,10.33,broken clouds
173,Sao Felix Do Xingu,BR,-6.6447,-51.995,72.7,51,67,0.83,broken clouds
174,Polovinnoye,RU,54.7914,65.9864,71.17,79,37,7.02,scattered clouds
175,Bubaque,GW,11.2833,-15.8333,78.51,84,100,20.42,moderate rain
176,Codrington,AU,-38.2667,141.9667,53.24,74,39,13.31,scattered clouds
177,Mogadishu,SO,2.0371,45.3438,75.24,86,94,19.04,light rain
178,Fort Nelson,CA,58.8053,-122.7002,79.61,46,0,2.3,clear sky
179,Vysokogornyy,RU,50.1167,139.15,71.47,67,90,5.23,overcast clouds
180,Fare,PF,-16.7,-151.0167,76.84,65,94,14.43,overcast clouds
181,Kahului,US,20.8947,-156.47,83.46,65,20,26.46,few clouds
182,San Vicente,AR,-26.6167,-54.1333,49.33,63,100,1.45,light rain
183,Fujin,CN,47.26,132.0322,90.05,44,56,13.53,broken clouds
184,Karratha,AU,-20.7377,116.8463,70.38,33,1,4.81,clear sky
185,Newport,GB,51.5877,-2.9984,59.86,89,100,4.34,overcast clouds
186,Morlaix,FR,48.5833,-4.0,57.36,94,40,6.91,scattered clouds
187,Jiwani,PK,25.05,61.7417,81.7,86,100,7.92,overcast clouds
188,Tura,IN,25.5198,90.2201,73.71,99,100,2.86,overcast clouds
189,Bintulu,MY,3.1667,113.0333,86.31,67,39,4.21,scattered clouds
190,Hammerfest,NO,70.6634,23.6821,45.05,93,90,2.3,light rain
191,Beisfjord,NO,68.3751,17.5988,48.25,93,100,4.63,overcast clouds
192,Takoradi,GH,4.8845,-1.7554,75.07,89,85,5.68,overcast clouds
193,Nsanje,MW,-16.92,35.262,59.67,97,16,2.3,few clouds
194,Lerwick,GB,60.1545,-1.1494,51.8,75,85,18.54,overcast clouds
195,Lorengau,PG,-2.0226,147.2712,85.82,66,18,8.28,few clouds
196,Avarua,CK,-21.2078,-159.775,75.25,78,100,17.27,overcast clouds
197,Rawson,AR,-43.3002,-65.1023,45.01,56,0,21.39,clear sky
198,Nanortalik,GL,60.1432,-45.2371,48.83,79,100,15.28,overcast clouds
199,Moba,CN,33.2288,105.0179,77.43,56,0,2.42,clear sky
200,Salinopolis,BR,-0.6136,-47.3561,75.27,89,34,3.42,scattered clouds
201,Kautokeino,NO,69.0125,23.0412,42.94,91,100,11.01,light rain
202,Udupi,IN,13.35,74.75,81.64,82,74,12.08,broken clouds
203,Bereda,ES,43.2686,-7.5406,55.92,98,79,2.21,broken clouds
204,Verkhnyaya Toyma,RU,62.2349,44.9985,54.1,97,75,5.99,broken clouds
205,Mabaruma,GY,8.2,-59.7833,73.69,96,6,2.39,clear sky
206,Batticaloa,LK,7.7102,81.6924,83.77,64,93,7.56,overcast clouds
207,Kambove,CD,-10.8764,26.5969,53.6,65,0,7.36,clear sky
208,Farafangana,MG,-22.8167,47.8333,64.58,77,80,0.54,light rain
209,Kolyvan,RU,55.3053,82.7391,71.22,62,83,3.62,broken clouds
210,Tuatapere,NZ,-46.1333,167.6833,48.81,91,97,1.41,overcast clouds
211,Constitucion,CL,-35.3333,-72.4167,51.21,71,0,6.33,clear sky
212,Ahipara,NZ,-35.1667,173.1667,58.93,65,71,7.61,broken clouds
213,Wainwright,CA,52.839,-110.8572,82.78,29,49,10.29,scattered clouds
214,La Roda,ES,39.2167,-2.15,62.91,69,30,7.14,scattered clouds
215,Muros,ES,42.7762,-9.0603,59.09,91,73,2.84,broken clouds
216,Curanilahue,CL,-37.4667,-73.35,43.41,58,2,3.98,clear sky
217,Formosa,AR,-26.1775,-58.1781,55.38,76,0,2.3,clear sky
218,Riyadh,SA,24.6877,46.7219,87.94,13,46,11.01,scattered clouds
219,Vallenar,CL,-28.5708,-70.7581,62.42,36,0,1.07,clear sky
220,Gurkovo,BG,42.6667,25.8,73.83,62,1,1.3,clear sky
221,Pevek,RU,69.7008,170.3133,36.68,76,99,21.09,overcast clouds
222,Majene,ID,-3.5403,118.9707,83.68,69,68,10.6,broken clouds
223,Faanui,PF,-16.4833,-151.75,77.09,66,78,15.05,broken clouds
224,Sakakah,SA,29.9697,40.2064,82.02,20,0,5.99,clear sky
225,Pochutla,MX,15.7432,-96.4661,83.25,90,45,4.63,scattered clouds
226,Cherskiy,RU,68.75,161.3,48.18,70,100,13.53,overcast clouds
227,Waddan,LY,29.1614,16.139,82.63,21,0,3.78,clear sky
228,Porto Novo,BJ,6.4965,2.6036,74.28,91,33,5.44,scattered clouds
229,Kijang,KR,35.2442,129.2139,96.53,72,91,6.76,overcast clouds
230,Bernalillo,US,35.05,-106.6673,75.33,72,90,1.01,overcast clouds
231,Lata,PT,40.1629,-8.3327,58.82,98,27,1.81,scattered clouds
232,Araouane,ML,18.9048,-3.5265,92.01,38,37,21.68,scattered clouds
233,Vao,NC,-22.6667,167.4833,67.33,60,0,21.59,clear sky
234,Sibu,MY,2.3,111.8167,91.42,51,60,3.38,broken clouds
235,Lebu,CL,-37.6167,-73.65,46.2,80,4,14.36,clear sky
236,Santa Clara,CU,22.4,-79.9667,76.66,83,20,1.14,few clouds
237,Vangaindrano,MG,-23.35,47.6,62.51,80,65,1.07,light rain
238,Ateli,IN,28.1,76.2833,84.88,73,88,6.2,overcast clouds
239,Springville,US,40.1652,-111.6107,78.78,66,75,1.99,light rain
240,Castro,BR,-24.7911,-50.0119,44.08,96,100,6.64,overcast clouds
241,Provideniya,RU,64.3833,-173.3,45.86,79,93,5.93,overcast clouds
242,Green River,US,41.5286,-109.4662,72.99,54,100,3.0,overcast clouds
243,Chokurdakh,RU,70.6333,147.9167,48.0,58,100,15.82,overcast clouds
244,Asasa,ET,7.1,39.2,53.49,90,100,4.14,overcast clouds
245,Meadow Lake,US,34.8014,-106.5436,73.47,55,97,7.07,overcast clouds
246,Da Nang,VN,16.0678,108.2208,100.38,39,20,9.22,few clouds
247,Bluffton,US,32.2371,-80.8604,86.95,87,1,5.75,clear sky
248,Edd,ER,13.9297,41.6925,82.49,64,65,24.74,broken clouds
249,Saldanha,ZA,-33.0117,17.9442,56.71,81,53,7.99,broken clouds
250,Turan,VN,16.0678,108.2208,100.38,39,20,9.22,few clouds
251,Nyurba,RU,63.2842,118.3319,81.09,28,0,4.21,clear sky
252,Katangli,RU,51.7102,143.2326,51.55,89,100,14.83,overcast clouds
253,Isilkul,RU,54.9109,71.2728,72.16,62,100,5.06,overcast clouds
254,Ust-Nera,RU,64.5667,143.2,70.52,33,38,11.88,scattered clouds
255,Libourne,FR,44.9167,-0.25,58.57,96,97,3.87,overcast clouds
256,Sinnamary,GF,5.3833,-52.95,79.03,85,83,7.81,broken clouds
257,Erenhot,CN,43.6475,111.9767,68.72,37,0,14.63,clear sky
258,San Pedro,PH,14.35,121.0167,90.32,63,100,19.19,overcast clouds
259,Sena Madureira,BR,-9.0656,-68.6569,68.54,50,16,0.98,few clouds
260,Comodoro Rivadavia,AR,-45.8667,-67.5,49.86,25,0,18.41,clear sky
261,Benghazi,LY,32.1167,20.0667,81.25,67,0,8.61,clear sky
262,Kiama,AU,-34.6833,150.8667,70.38,75,55,1.99,light rain
263,Rio Grande,BR,-32.035,-52.0986,51.78,94,2,7.65,clear sky
264,Virginia Beach,US,36.8529,-75.978,77.02,85,75,0.0,broken clouds
265,Waitati,NZ,-45.75,170.5667,52.81,86,100,1.19,overcast clouds
266,Auki,SB,-8.7676,160.7034,80.74,76,100,6.62,light rain
267,Praia Da Vitoria,PT,38.7333,-27.0667,70.75,89,97,10.29,overcast clouds
268,New Norfolk,AU,-42.7826,147.0587,53.1,67,38,5.99,scattered clouds
269,Guaymas,MX,27.9333,-110.9,90.88,51,0,7.67,clear sky
270,Cidreira,BR,-30.1811,-50.2056,56.08,87,100,12.62,overcast clouds
271,Tuktoyaktuk,CA,69.4541,-133.0374,57.11,75,100,11.5,overcast clouds
272,Sarandi,BR,-23.4436,-51.8739,53.47,58,99,5.3,overcast clouds
273,Juba,SS,4.8517,31.5825,67.75,97,98,1.77,overcast clouds
274,Normandin,CA,48.8333,-72.5321,51.37,76,65,5.28,broken clouds
275,Kendari,ID,-3.945,122.4989,81.46,81,95,1.9,light rain
276,Kamina,CD,-8.7386,24.9906,57.69,47,0,5.23,clear sky
277,Coahuayana,MX,18.7333,-103.6833,79.21,86,70,1.21,broken clouds
278,Arraial Do Cabo,BR,-22.9661,-42.0278,66.24,63,100,13.24,overcast clouds
279,Tigil,RU,57.8,158.6667,61.38,45,81,7.58,broken clouds
280,Sterling,US,39.0062,-77.4286,74.86,75,90,5.01,overcast clouds
281,Esfarayen,IR,37.0765,57.5101,72.32,18,23,5.41,few clouds
282,Gornopravdinsk,RU,60.05,69.9,63.28,68,34,8.3,scattered clouds
283,Christiana,ZA,-27.914,25.1611,41.29,55,0,3.56,clear sky
284,Chumphon,TH,10.3333,98.8333,82.38,90,100,9.44,overcast clouds
285,San Cristobal,VE,7.7669,-72.225,66.4,97,93,5.35,overcast clouds
286,Tecpan,GT,14.7623,-90.9947,56.52,98,46,5.26,scattered clouds
287,Saint-Augustin,CA,51.226,-58.6502,55.74,86,100,14.29,overcast clouds
288,Storforshei,NO,66.4043,14.5233,47.66,89,100,4.85,overcast clouds
289,Kadhan,PK,24.481,68.9859,84.2,72,100,26.42,overcast clouds
290,Penzance,GB,50.1186,-5.5371,60.01,94,99,10.27,overcast clouds
291,Lincoln,US,40.8,-96.667,75.11,86,1,3.44,haze
292,Anadyr,RU,64.75,177.4833,50.5,61,75,2.24,broken clouds
293,Gannan,CN,47.9147,123.5031,64.89,80,98,13.89,overcast clouds
294,Aswan,EG,24.0934,32.907,86.04,21,86,2.24,overcast clouds
295,Parchim,DE,53.4263,11.8488,59.67,93,94,10.31,overcast clouds
296,Sabang,ID,5.8933,95.3214,82.9,73,100,24.7,overcast clouds
297,Moen,NO,69.1304,18.6123,45.45,87,90,3.44,overcast clouds
298,Shambu,ET,9.5667,37.1,50.0,96,100,0.65,overcast clouds
299,Nouadhibou,MR,20.931,-17.0347,68.97,93,7,14.36,clear sky
300,Sumbe,AO,-11.2061,13.8437,69.1,93,16,1.07,few clouds
301,Ugoofaaru,MV,5.6667,73.0,82.78,74,28,10.11,scattered clouds
302,Jizan,SA,17.3333,42.6667,85.57,67,60,5.86,broken clouds
303,Aklavik,CA,68.2191,-135.0107,80.78,35,49,11.54,scattered clouds
304,Jacareacanga,BR,-6.2222,-57.7528,75.11,52,100,0.34,overcast clouds
305,Malanje,AO,-9.5402,16.341,61.34,36,0,3.18,clear sky
306,Port Hedland,AU,-20.3167,118.5667,77.05,27,2,12.66,clear sky
307,Geraldton,AU,-28.7667,114.6,64.81,63,75,27.63,broken clouds
308,Manakara,MG,-22.1333,48.0167,64.27,82,93,1.41,light rain
309,Kenora,CA,49.8167,-94.4337,60.8,49,10,5.23,clear sky
310,Nizhniy Kuranakh,RU,58.8353,125.4869,66.96,46,100,12.59,overcast clouds
311,Port Hardy,CA,50.6996,-127.4199,63.3,80,6,11.34,clear sky
312,Gorontalo,ID,0.5412,123.0595,88.7,60,39,4.54,scattered clouds
313,Santa Fe,AR,-31.6333,-60.7,55.0,52,0,1.01,clear sky
314,Huilong,CN,31.8111,121.655,80.2,91,100,5.41,overcast clouds
315,Lubao,PH,14.9167,120.55,87.15,73,97,15.79,moderate rain
316,Namatanai,PG,-3.6667,152.4333,82.65,74,23,2.42,moderate rain
317,Djibo,BF,14.1022,-1.6306,80.6,65,54,12.17,broken clouds
318,Guarapari,BR,-20.6667,-40.4975,62.49,74,100,8.12,overcast clouds
319,Comrat,MD,46.3003,28.6572,69.85,82,12,7.43,few clouds
320,Humaita,BR,-7.5061,-63.0208,71.83,53,1,1.07,clear sky
321,Shimoda,JP,34.6667,138.95,89.1,63,18,8.39,few clouds
322,Carauari,BR,-4.8828,-66.8958,71.11,56,36,0.38,scattered clouds
323,San Joaquin,US,37.9333,-121.3011,93.11,37,1,13.8,clear sky
324,Goundam,ML,16.4145,-3.6708,84.63,62,56,11.05,broken clouds
325,Havoysund,NO,70.9963,24.6622,45.48,80,100,4.56,overcast clouds
326,Hobyo,SO,5.3505,48.5268,76.19,73,49,19.22,scattered clouds
327,Salina,US,38.8403,-97.6114,75.33,69,1,1.01,clear sky
328,Strelka,RU,58.0728,93.0344,70.86,52,56,4.59,broken clouds
329,Goderich,CA,43.7501,-81.7165,69.91,86,57,8.81,broken clouds
330,Swellendam,ZA,-34.0226,20.4417,52.48,61,100,2.17,overcast clouds
331,Belize,BZ,17.25,-88.75,79.25,97,93,2.04,overcast clouds
332,Revda,RU,56.801,59.9303,67.01,93,67,10.58,broken clouds
333,Micheweni,TZ,-4.9667,39.8333,73.24,86,69,12.48,moderate rain
334,Shemonaikha,KZ,50.6328,81.9056,74.23,35,44,3.31,scattered clouds
335,Galveston,US,29.3669,-94.9669,87.22,83,1,1.01,clear sky
336,Fenelon Falls,CA,44.5334,-78.7496,58.78,97,100,6.42,overcast clouds
337,Ancud,CL,-41.8697,-73.8203,35.13,84,73,4.25,broken clouds
338,Conselheiro Lafaiete,BR,-20.6603,-43.7861,44.85,97,62,4.92,broken clouds
339,Cabedelo,BR,-6.9811,-34.8339,74.07,83,12,16.06,few clouds
340,Mikhaylovka,RU,50.06,43.2379,72.55,62,4,4.14,clear sky
341,Moron,AR,-34.6534,-58.6198,51.98,85,0,2.13,clear sky
342,Kaeo,NZ,-35.1,173.7833,61.32,67,41,4.85,scattered clouds
343,Chicama,PE,-7.8447,-79.1469,64.35,85,40,7.43,scattered clouds
344,Nemuro,JP,43.3236,145.575,65.1,99,100,14.2,overcast clouds
345,Lompoc,US,34.6391,-120.4579,73.78,82,1,6.91,clear sky
346,Quatre Cocos,MU,-20.2078,57.7625,71.1,73,25,19.33,light rain
347,Phetchabun,TH,16.25,101.0833,82.06,77,98,5.73,overcast clouds
348,Trelew,AR,-43.249,-65.3051,43.81,54,0,18.9,clear sky
349,Grand Gaube,MU,-20.0064,57.6608,71.38,73,2,5.99,clear sky
350,Belmonte,BR,-15.8631,-38.8828,64.9,74,100,10.74,overcast clouds
351,Korem,ET,12.5058,39.5228,54.75,92,100,5.53,light rain
352,Kununurra,AU,-15.7667,128.7333,93.18,26,49,9.22,scattered clouds
353,Meulaboh,ID,4.1363,96.1285,78.12,83,100,3.0,light rain
354,Pangnirtung,CA,66.1451,-65.7125,47.37,75,69,2.55,broken clouds
355,Grindavik,IS,63.8424,-22.4338,53.56,100,90,5.75,mist
356,Gushikawa,JP,26.3544,127.8686,89.19,78,75,16.11,broken clouds
357,Tautira,PF,-17.7333,-149.15,80.62,64,85,12.46,overcast clouds
358,Teguldet,RU,57.3064,88.1667,62.04,72,100,3.29,overcast clouds
359,Biltine,TD,14.5333,20.9167,72.54,82,100,20.56,overcast clouds
360,Fukuma,JP,33.7667,130.4667,89.04,72,100,2.82,overcast clouds
361,Novobirilyussy,RU,56.9514,90.6661,70.21,51,75,3.65,broken clouds
362,Makakilo City,US,21.3469,-158.0858,84.52,56,20,12.66,few clouds
363,Petropavlovsk-Kamchatskiy,RU,53.0452,158.6483,63.19,68,75,8.95,light rain
364,Lakes Entrance,AU,-37.8811,147.981,59.18,57,73,12.24,broken clouds
365,Alekseyevka,RU,50.6309,38.6903,69.82,60,0,1.25,clear sky
366,Norman Wells,CA,65.282,-126.8329,80.98,40,1,3.98,clear sky
367,Tripoli,LY,32.8752,13.1875,85.66,44,0,6.71,clear sky
368,Olinda,BR,-8.0089,-34.8553,76.73,69,40,16.11,scattered clouds
369,Vuktyl,RU,63.8567,57.3094,59.58,92,83,11.05,broken clouds
370,Leningradskiy,RU,69.3833,178.4167,35.56,86,100,19.17,overcast clouds
371,Buala,SB,-8.145,159.5921,77.27,89,100,3.29,light rain
372,Talcahuano,CL,-36.7167,-73.1167,46.08,76,0,10.36,clear sky
373,Cockburn Town,TC,21.4612,-71.1419,82.27,80,10,20.47,clear sky
374,Esso,RU,55.9333,158.7,60.85,38,25,11.97,scattered clouds
375,Puerto Escondido,MX,15.85,-97.0667,85.03,70,40,0.0,scattered clouds
376,Honiara,SB,-9.4333,159.95,81.09,78,96,0.72,overcast clouds
377,Matara,LK,5.9485,80.5353,82.11,74,59,11.83,broken clouds
378,Worland,US,44.0169,-107.9554,83.68,49,40,8.05,scattered clouds
379,Ayagoz,KZ,47.9714,80.4392,76.05,17,21,2.73,few clouds
380,Paracatu,BR,-17.2222,-46.8747,64.92,60,49,5.91,scattered clouds
381,Mackay,AU,-21.15,149.2,84.69,69,61,8.08,broken clouds
382,Nelson Bay,AU,-32.7167,152.15,79.09,51,2,10.56,clear sky
383,Volchikha,RU,52.0333,80.3833,79.7,21,9,7.07,clear sky
384,Pangody,RU,65.85,74.4859,58.41,59,96,10.31,overcast clouds
385,Chifeng,CN,42.2683,118.9636,68.58,68,100,14.27,overcast clouds
386,Nuuk,GL,64.1835,-51.7216,48.81,81,92,5.75,overcast clouds
387,Georgiyevka,KZ,43.0369,74.7114,73.44,38,0,4.47,clear sky
388,Linhares,BR,-19.3911,-40.0722,64.8,74,84,5.68,broken clouds
389,Banda Aceh,ID,5.5577,95.3222,84.7,66,100,15.95,overcast clouds
390,Markova,UA,48.6758,24.4138,59.85,85,0,4.54,clear sky
391,Srivardhan,IN,18.0333,73.0167,81.28,82,100,15.46,light rain
392,Port Elizabeth,ZA,-33.918,25.5701,58.62,40,77,6.71,broken clouds
393,Kindu,CD,-2.95,25.95,68.5,48,95,3.04,overcast clouds
394,Kaitangata,NZ,-46.2817,169.8464,48.96,98,100,1.54,overcast clouds
395,Sept-Iles,CA,50.2001,-66.3821,60.06,83,100,5.01,overcast clouds
396,Bar Harbor,US,44.3876,-68.2039,60.91,84,1,0.0,clear sky
397,Parati,BR,-23.2178,-44.7131,57.65,94,71,2.89,broken clouds
398,Vila Velha,BR,-20.3297,-40.2925,62.55,94,90,2.3,overcast clouds
399,High Prairie,CA,55.4334,-116.4858,77.09,50,30,6.8,scattered clouds
400,Tabas,IR,33.5959,56.9244,86.9,13,6,2.21,clear sky
401,Mehamn,NO,71.0357,27.8492,47.17,96,100,3.44,overcast clouds
402,Yertsevo,RU,60.7966,40.086,55.44,95,94,7.18,overcast clouds
403,Kargasok,RU,59.0556,80.8572,55.99,90,100,6.08,overcast clouds
404,Okha,RU,53.5739,142.9478,56.62,72,94,6.49,overcast clouds
405,Naliya,IN,23.2667,68.8333,82.92,77,100,24.74,overcast clouds
406,Rawah,IQ,34.4816,41.9093,88.18,22,0,7.96,clear sky
407,Sola,VU,-13.8833,167.55,76.26,66,68,12.28,broken clouds
408,Bamako,ML,12.65,-8.0,73.94,91,100,5.21,light rain
409,Caravelas,BR,-17.7125,-39.2481,67.19,78,68,10.89,broken clouds
410,Iqaluit,CA,63.7506,-68.5145,60.53,44,90,13.8,overcast clouds
411,Pesqueira,BR,-8.3578,-36.6964,65.95,87,100,13.58,overcast clouds
412,Axim,GH,4.8699,-2.2405,75.58,89,98,5.57,overcast clouds
413,Yarmouth,US,41.7057,-70.2286,68.97,79,1,1.99,clear sky
414,Winnemucca,US,40.973,-117.7357,77.05,44,90,9.22,overcast clouds
415,Pisco,PE,-13.7,-76.2167,62.65,82,75,8.05,broken clouds
416,Sorong,ID,-0.8833,131.25,85.82,67,58,8.43,broken clouds
417,Xining,CN,36.6167,101.7667,71.96,43,20,1.39,few clouds
418,Batagay-Alyta,RU,67.8006,130.4114,72.64,46,45,8.5,scattered clouds
419,Archidona,ES,37.0965,-4.3887,68.56,48,36,3.67,scattered clouds
420,Buchanan,LR,5.8808,-10.0467,75.67,87,100,7.23,moderate rain
421,Maningrida,AU,-12.0667,134.2667,87.22,54,55,11.7,broken clouds
422,Grand-Lahou,CI,5.1367,-5.0242,74.41,90,71,7.7,light rain
423,Walvis Bay,NA,-22.9575,14.5053,76.08,25,0,18.03,clear sky
424,Kichera,RU,55.9375,110.0997,66.51,63,45,5.95,scattered clouds
425,Pacific Grove,US,36.6177,-121.9166,73.26,84,1,1.99,clear sky
426,Florida,US,28.7505,-82.5001,83.77,62,8,9.42,clear sky
427,Port Lincoln,AU,-34.7333,135.8667,57.56,63,13,15.1,few clouds
428,Carbonia,IT,39.1672,8.5222,84.85,67,83,6.6,broken clouds
429,Rocha,UY,-34.4833,-54.3333,43.83,89,7,4.52,clear sky
430,Jaguaribe,BR,-5.8906,-38.6219,77.7,53,41,11.39,scattered clouds
431,Erzin,TR,36.9559,36.2,79.52,78,0,1.25,clear sky
432,Alta,NO,69.9689,23.2717,45.66,86,75,7.0,light intensity drizzle
433,Talnakh,RU,69.4865,88.3972,61.21,58,89,14.92,light rain
434,Bathsheba,BB,13.2167,-59.5167,81.21,83,20,14.97,few clouds
435,Bagdarin,RU,54.4333,113.6,59.14,71,94,3.2,light rain
436,Richards Bay,ZA,-28.783,32.0377,57.18,77,35,7.72,scattered clouds
437,Dinard,FR,48.6314,-2.0614,58.68,89,75,5.75,broken clouds
438,Ladario,BR,-19.0047,-57.6017,66.7,26,98,3.94,overcast clouds
439,Half Moon Bay,US,37.4636,-122.4286,76.87,80,20,13.8,few clouds
440,Avera,US,33.194,-82.5271,84.25,65,37,4.88,scattered clouds
441,Villanueva,HN,15.3167,-88.0,82.04,83,75,5.75,broken clouds
442,Coihaique,CL,-45.5752,-72.0662,35.55,75,0,3.44,clear sky
443,Teguise,ES,29.0605,-13.564,66.42,83,0,21.85,clear sky
444,Barra Do Garcas,BR,-15.89,-52.2567,68.97,36,33,3.78,scattered clouds
445,Umm Lajj,SA,25.0213,37.2685,84.96,51,100,3.24,overcast clouds
446,Yashan,CN,22.1975,109.9419,78.78,96,100,3.13,moderate rain
447,Plettenberg Bay,ZA,-34.0527,23.3716,56.66,54,62,5.55,broken clouds
448,Mahon,ES,39.8885,4.2658,68.56,88,75,14.97,broken clouds
449,Wagrowiec,PL,52.8084,17.1996,60.82,79,93,7.7,overcast clouds
450,San Quintin,MX,30.4833,-115.95,70.07,81,68,12.8,broken clouds
451,Solwezi,ZM,-12.1688,26.3894,50.07,79,0,5.88,clear sky
452,Asyut,EG,27.181,31.1837,84.25,22,11,3.29,few clouds
453,Kyabram,AU,-36.3167,145.05,60.87,58,63,10.45,broken clouds
454,Tromso,NO,69.6496,18.957,45.37,81,75,5.75,broken clouds
455,Kidal,ML,18.4411,1.4078,89.26,41,25,10.2,scattered clouds
456,Monrovia,LR,6.3005,-10.7969,75.29,88,100,8.23,moderate rain
457,Lebedinyy,RU,58.5167,125.5167,62.67,46,100,17.11,overcast clouds
458,Bandarbeyla,SO,9.4942,50.8122,76.15,73,73,21.41,broken clouds
459,Prainha,BR,-1.8,-53.48,71.56,97,66,1.7,broken clouds
460,Bairiki,KI,1.3292,172.9752,86.0,66,40,5.75,scattered clouds
461,San Felipe Del Progreso,MX,19.7128,-99.9519,53.78,95,11,3.71,few clouds
462,Faya,SA,18.3851,42.4509,63.14,68,28,5.79,scattered clouds
463,Novikovo,RU,51.1537,37.8879,69.3,59,0,1.95,clear sky
464,Huarmey,PE,-10.0681,-78.1522,64.71,83,22,8.14,few clouds
465,Luganville,VU,-15.5333,167.1667,77.04,54,100,7.65,overcast clouds
466,Hirara,JP,24.8,125.2833,82.92,84,100,17.4,light rain
467,Iracoubo,GF,5.4802,-53.2011,78.31,86,58,7.27,broken clouds
468,Terrace,CA,54.5163,-128.6035,75.42,62,0,3.94,clear sky
469,Mitsamiouli,KM,-11.3847,43.2844,76.19,71,2,13.69,clear sky
470,Gat,IL,31.61,34.7642,82.4,62,0,1.41,clear sky
471,Turukhansk,RU,65.8167,87.9833,54.64,83,100,9.69,light rain
472,Vanimo,PG,-2.6741,141.3028,83.55,76,27,6.06,scattered clouds
473,Marzuq,YE,14.4,46.4667,76.68,64,53,4.92,broken clouds
474,Egersund,NO,58.4513,5.9997,55.71,76,99,22.53,overcast clouds
475,Robertsport,LR,6.7533,-11.3686,74.84,85,100,9.22,light rain
476,Oksfjord,NO,70.2396,22.3479,46.47,89,100,4.16,overcast clouds
477,Sobolevo,RU,54.4299,31.8996,62.08,94,100,9.4,light rain
478,Gadsden,US,34.0143,-86.0066,76.62,97,1,3.44,clear sky
479,Uncia,BO,-18.467,-66.5685,41.61,54,34,4.25,scattered clouds
480,Mount Gambier,AU,-37.8333,140.7667,49.91,87,90,13.8,overcast clouds
481,Murupara,NZ,-38.4667,176.7,61.29,42,89,2.82,overcast clouds
482,Bafia,CM,4.75,11.2333,67.89,99,100,1.1,overcast clouds
483,Tete,MZ,-16.1564,33.5867,66.29,82,40,5.75,scattered clouds
484,Gornozavodsk,RU,58.3758,58.3211,61.54,97,95,6.13,overcast clouds
485,Montivilliers,FR,49.5452,0.1877,59.77,82,75,11.5,broken clouds
486,Shelburne,CA,44.0787,-80.2041,61.12,83,99,6.62,overcast clouds
487,Manggar,ID,-2.8833,108.2667,85.46,63,51,12.91,broken clouds
488,Kieta,PG,-6.2167,155.6333,83.16,78,59,8.57,moderate rain
489,Manta,EC,-0.95,-80.7333,71.65,87,79,10.6,broken clouds
490,Kharan,PK,28.5833,65.4167,87.73,13,0,7.25,clear sky
491,Quelimane,MZ,-17.8786,36.8883,67.98,76,99,4.52,overcast clouds
492,Vila Franca Do Campo,PT,37.7167,-25.4333,68.41,89,99,4.5,overcast clouds
493,Saint Anthony,US,45.0205,-93.218,75.65,48,1,1.99,haze
494,Danville,US,36.586,-79.395,79.18,74,40,0.0,scattered clouds
495,Carahue,CL,-38.7,-73.1667,32.2,85,7,0.74,clear sky
496,Fatehpur,IN,25.9333,80.8,79.95,84,91,10.71,overcast clouds
497,Pundri,IN,29.75,76.55,87.31,67,3,3.76,clear sky
498,Vostok,RU,46.4856,135.8833,86.02,43,78,2.35,broken clouds
499,Shaoyang,CN,27.2315,111.4525,92.52,52,28,3.87,scattered clouds
500,Kemin,KG,42.7846,75.6892,77.34,25,80,6.33,broken clouds
501,Khon Buri,TH,14.5254,102.2459,89.62,60,99,14.88,overcast clouds
502,Tessalit,ML,20.1986,1.0114,90.48,33,99,13.87,overcast clouds
503,Paamiut,GL,61.994,-49.6678,44.76,87,72,2.68,broken clouds
504,Saint-Joseph,RE,-21.3667,55.6167,64.76,78,18,12.21,few clouds
505,Ulluaya,RU,42.3738,47.3745,56.8,75,15,3.65,few clouds
506,Darhan,MN,49.4867,105.9228,69.1,62,16,2.82,few clouds
507,Summerside,CA,46.3959,-63.7876,60.48,82,43,14.03,scattered clouds
508,Ihosy,MG,-22.4,46.1167,53.91,89,77,7.45,broken clouds
509,Totskoye,RU,52.5248,52.7623,75.49,62,46,2.42,scattered clouds
510,Inhambane,MZ,-23.865,35.3833,61.86,81,0,3.11,clear sky
511,Bilma,NE,18.6853,12.9164,88.99,42,4,15.08,clear sky
512,Tual,ID,-5.6667,132.75,81.48,76,89,10.49,overcast clouds
513,Lamu,KE,-2.2717,40.902,73.62,83,76,16.53,light rain
514,Torbay,CA,47.6666,-52.7314,61.68,85,49,5.99,scattered clouds
515,Canguaretama,BR,-6.38,-35.1289,72.21,89,27,12.3,scattered clouds
516,Nanakuli,US,21.3906,-158.1547,85.95,54,20,12.66,few clouds
517,Laguna,US,38.421,-121.4238,91.9,40,1,5.99,clear sky
518,Muhos,FI,64.808,25.9931,52.9,94,68,3.18,broken clouds
519,Waipawa,NZ,-41.4122,175.5153,53.92,70,98,4.9,overcast clouds
520,Mariakani,KE,-3.8633,39.4736,67.19,90,47,9.46,scattered clouds
521,Kurilsk,RU,45.2333,147.8833,68.65,79,84,8.99,broken clouds
522,Itarema,BR,-2.9248,-39.9167,78.24,79,100,13.69,overcast clouds
523,Kasempa,ZM,-13.4584,25.8338,52.93,76,0,8.63,clear sky
524,Urucui,BR,-7.2294,-44.5561,75.25,63,13,13.8,few clouds
525,Camana,PE,-16.6228,-72.7111,61.45,85,88,8.93,overcast clouds
526,Kinablangan,PH,7.6947,126.5503,87.1,68,34,7.31,scattered clouds
527,Havelock,US,34.8791,-76.9013,77.95,94,1,3.44,clear sky
528,Pathein,MM,16.7833,94.7333,79.18,88,100,9.24,light rain
529,Yar-Sale,RU,66.8333,70.8333,54.61,68,94,9.78,overcast clouds
530,Muchkapskiy,RU,51.8513,42.4717,70.95,65,8,1.34,clear sky
531,Lagoa,PT,39.05,-27.9833,70.2,89,98,12.48,overcast clouds
532,Ust-Charyshskaya Pristan,RU,52.3934,83.6635,73.81,40,78,4.27,broken clouds
533,Brae,GB,60.3964,-1.353,51.71,78,94,18.01,overcast clouds
534,Batemans Bay,AU,-35.7167,150.1833,62.2,86,100,7.72,light rain
535,Hibbing,US,47.4272,-92.9377,65.55,72,75,5.75,broken clouds
536,Viedma,AR,-40.8135,-62.9967,41.02,71,0,7.67,clear sky
537,Camacha,PT,33.0833,-16.3333,66.96,73,40,10.36,scattered clouds
538,Santo Domingo,DO,18.5001,-69.9886,81.03,86,63,3.0,broken clouds
539,Natal,BR,-5.795,-35.2094,74.05,88,0,6.91,clear sky
540,Veraval,IN,20.9,70.3667,81.34,84,100,20.96,overcast clouds
541,Porterville,US,36.0652,-119.0168,97.88,24,1,4.61,clear sky
542,Mareeba,AU,-17.0,145.4333,85.32,57,0,6.62,clear sky
543,Petersburg,US,37.2279,-77.4019,77.85,88,40,3.44,light intensity drizzle
544,Magnor,SE,59.9511,12.1996,57.29,98,100,1.63,overcast clouds
545,Namibe,AO,-15.1961,12.1522,68.49,67,0,8.12,clear sky
546,Parbhani,IN,19.2667,76.7833,76.57,77,100,14.79,overcast clouds
547,Svoge,BG,42.9667,23.35,71.8,68,0,1.34,clear sky
548,Bahar,IR,34.9072,48.4414,71.85,30,71,3.31,broken clouds
549,Sabha,LY,27.0377,14.4283,83.01,17,0,7.99,clear sky
550,Palermo,IT,37.8167,13.5833,82.74,31,41,1.61,scattered clouds
551,Keningau,MY,5.3378,116.1602,84.65,53,17,1.81,few clouds
552,Wasilla,US,61.5814,-149.4394,72.77,55,1,5.75,clear sky
553,Muravlenko,RU,63.7898,74.523,58.91,61,53,9.19,broken clouds
554,General Roca,AR,-39.0333,-67.5833,41.4,52,0,8.05,clear sky
555,Husavik,IS,66.0449,-17.3389,54.09,67,100,3.24,overcast clouds
556,Alta Floresta,BR,-9.8756,-56.0861,69.26,43,15,3.44,few clouds
557,Havre-Saint-Pierre,CA,50.2334,-63.5986,55.98,86,94,7.54,overcast clouds
558,Besikduzu,TR,41.052,39.2284,76.89,84,51,4.41,broken clouds
559,Idanre,NG,7.1127,5.1159,69.04,99,93,2.75,overcast clouds
560,Hambantota,LK,6.1241,81.1185,83.01,70,71,18.45,broken clouds
561,Chiang Klang,TH,19.2938,100.8617,79.92,91,99,3.47,overcast clouds
562,Ibanda,TZ,-2.7974,32.4746,62.46,59,75,9.22,broken clouds
563,Imbituba,BR,-28.24,-48.6703,59.83,89,100,7.27,overcast clouds
564,Copiapo,CL,-27.3667,-70.3333,44.29,43,0,0.65,clear sky
565,Horizontina,BR,-27.6258,-54.3078,51.26,67,100,1.77,overcast clouds
566,Basco,PH,20.4487,121.9702,82.22,87,100,25.77,light rain
567,Macau,MO,22.2006,113.5461,90.79,79,20,11.5,few clouds
568,Yakima,US,46.4665,-120.6678,94.44,25,1,6.91,haze
569,Qiryat Shemona,IL,33.2073,35.5721,84.0,65,0,2.73,clear sky
570,Nome,US,64.5011,-165.4064,48.27,87,90,11.5,overcast clouds
571,Hoopstad,ZA,-27.8327,25.9083,41.34,46,0,2.3,clear sky
572,Merauke,ID,-8.4667,140.3333,82.09,73,85,10.56,overcast clouds
573,Kuldur,RU,49.2167,131.6333,69.66,80,100,10.51,overcast clouds
574,Skoghall,SE,59.3232,13.4655,55.96,94,75,5.75,broken clouds
575,Miri,MY,4.4148,114.0089,86.18,66,56,6.6,broken clouds
576,Sao Sebastiao,BR,-23.76,-45.4097,58.64,88,100,3.42,overcast clouds
577,Ende,ID,-8.8432,121.6623,83.68,69,65,7.25,broken clouds
578,Dhidhdhoo,MV,6.8833,73.1,81.73,76,35,11.14,scattered clouds
579,Pinawa,CA,50.1489,-95.8811,62.4,55,5,7.96,clear sky
580,Ribas Do Rio Pardo,BR,-20.4431,-53.7592,58.69,39,100,4.9,overcast clouds
581,Plouzane,FR,48.3833,-4.6167,57.38,94,90,3.44,overcast clouds
582,Kyshtovka,RU,56.555,76.6271,61.52,84,28,5.23,scattered clouds
583,Staryy Nadym,RU,65.6118,72.6842,59.13,59,100,11.21,overcast clouds
584,Cap Malheureux,MU,-19.9842,57.6142,71.47,73,2,5.99,light rain
585,Gold Coast,AU,-28.0,153.4333,81.16,60,0,3.0,clear sky
586,Abalak,RU,58.1286,68.5944,61.57,81,53,8.81,light rain
587,Ambon,ID,-3.6954,128.1814,91.54,58,40,4.61,scattered clouds
588,Suhbaatar,MN,50.2314,106.2078,68.18,67,96,4.65,moderate rain
589,Smolenka,RU,52.1352,113.4974,68.07,56,40,4.47,light rain
590,Touros,BR,-5.1989,-35.4608,74.3,87,54,14.29,broken clouds
591,Teahupoo,PF,-17.8333,-149.2667,75.16,63,86,12.41,overcast clouds
592,Adrar,MR,20.5022,-10.0711,81.12,62,93,17.69,overcast clouds
593,Forio,IT,40.7342,13.8646,80.82,90,84,5.01,broken clouds
594,College,US,64.8569,-147.8028,79.12,44,75,5.75,broken clouds
595,Turbat,PK,26.0023,63.044,85.21,68,9,3.2,clear sky
596,Kruisfontein,ZA,-34.0033,24.7314,54.28,32,83,7.31,broken clouds
597,Klaksvik,FO,62.2266,-6.589,45.52,80,100,11.97,overcast clouds
598,The Valley,AI,18.217,-63.0578,82.09,79,0,17.52,clear sky
599,Margate,GB,51.3813,1.3862,61.03,91,67,11.92,broken clouds
600,Te Anau,NZ,-45.4167,167.7167,49.68,92,99,0.89,overcast clouds
601,Trincomalee,LK,8.5711,81.2335,83.71,69,100,18.01,overcast clouds
602,Orchard Homes,US,46.8633,-114.0484,91.54,32,1,3.0,clear sky
603,Aleksandrov Gay,RU,50.147,48.5704,78.96,46,92,6.15,overcast clouds
604,Usolye,RU,59.4268,56.6808,63.0,94,27,6.22,scattered clouds
605,Vaitape,PF,-16.5167,-151.75,77.05,66,76,14.99,broken clouds
606,Dingle,PH,10.9995,122.6711,88.92,64,69,15.01,broken clouds
607,Izberbash,RU,42.5696,47.8645,73.45,63,25,3.87,scattered clouds
608,Palafrugell,ES,41.9174,3.1631,65.43,64,81,10.49,broken clouds
609,Asaba,NG,6.2006,6.7338,73.47,91,99,3.27,overcast clouds
610,Monteiro,BR,-7.8894,-37.12,69.17,71,91,12.71,overcast clouds
611,Usakos,NA,-22.0,15.6,54.75,37,0,12.77,clear sky
612,Kostroma,RU,57.7708,40.9344,58.71,84,10,6.93,clear sky
613,Miami,US,25.7743,-80.1937,86.02,77,20,1.99,few clouds
614,Siddipet,IN,18.1,78.85,76.55,75,100,19.24,overcast clouds
615,Mwene-Ditu,CD,-7.0,23.45,62.94,34,6,4.68,clear sky
616,Chernyshevskiy,RU,63.0128,112.4714,76.14,29,17,5.68,few clouds
617,Belyy Yar,RU,53.6039,91.3903,69.69,64,0,2.24,clear sky
618,Tarabuco,BO,-19.1667,-64.9167,39.52,70,88,7.61,overcast clouds
619,Kuytun,RU,54.3419,101.5036,65.39,58,100,6.06,overcast clouds
620,Kavaratti,IN,10.5669,72.642,82.13,78,26,15.23,scattered clouds
621,Sita Buzaului,RO,45.65,26.0667,69.6,86,2,0.6,clear sky
622,Yeniseysk,RU,58.4497,92.1703,70.65,46,9,3.74,clear sky
623,Chimbote,PE,-9.0853,-78.5783,64.18,84,58,9.06,broken clouds
624,Kurumkan,RU,54.3,110.3,67.96,67,37,3.69,light rain
625,Dire Dawa,ET,9.5931,41.8661,66.76,66,82,18.86,broken clouds
626,Palmeira,BR,-25.4294,-50.0064,46.65,82,100,6.51,overcast clouds
627,Sandpoint,US,48.2766,-116.5533,92.16,35,1,11.5,clear sky
628,Ler,SS,8.3018,30.1418,70.66,93,100,1.1,overcast clouds
629,Paka,MY,4.6374,103.4368,83.53,73,100,1.88,moderate rain
630,Naryan-Mar,RU,67.6713,53.087,53.67,97,100,11.77,overcast clouds
631,Ranipur,PK,27.2879,68.5051,87.85,48,100,7.25,overcast clouds
632,Acapulco,MX,16.8634,-99.8901,81.0,82,24,4.63,few clouds
633,Mayor Pablo Lagerenza,PY,-19.9309,-60.7718,65.62,18,68,9.84,broken clouds
634,Tevaitoa,PF,-16.7833,-151.5,76.73,67,70,14.74,broken clouds
635,Henties Bay,NA,-22.116,14.2845,75.85,30,0,15.97,clear sky
636,Nioro,GM,13.35,-15.75,75.74,92,100,5.41,overcast clouds
637,Haines Junction,CA,60.7522,-137.5108,75.38,37,82,5.79,broken clouds
638,Pahrump,US,36.2083,-115.9839,89.65,43,79,4.94,broken clouds
639,Morada Nova,BR,-5.1067,-38.3725,78.66,52,77,9.57,broken clouds
640,Mildura,AU,-34.2,142.15,58.96,63,40,6.91,scattered clouds
641,Kadungora,ID,-7.0899,107.8864,80.92,72,36,4.59,scattered clouds
642,Pemberton,CA,50.3164,-122.8027,79.25,63,100,1.16,overcast clouds
643,Pontianak,ID,-0.0333,109.3333,87.78,70,75,8.05,broken clouds
644,Jijiang,CN,29.2906,106.2542,96.49,62,0,2.59,clear sky
645,Orange Cove,US,36.6244,-119.3137,98.92,31,1,4.61,clear sky
646,Los Alamos,US,35.8881,-106.307,65.98,50,75,4.61,broken clouds
647,Ucluelet,CA,48.9329,-125.5528,82.04,85,91,1.99,overcast clouds
648,Orebro,SE,59.2741,15.2066,57.78,71,75,4.61,broken clouds
649,Sao Pedro Do Sul,BR,-29.6206,-54.1789,47.79,87,43,3.04,scattered clouds
650,Tazovskiy,RU,67.4667,78.7,53.2,77,100,7.38,overcast clouds
651,Svetlaya,RU,46.5389,138.3297,65.03,92,100,12.33,overcast clouds
652,Yibin,CN,28.7667,104.6238,88.84,46,0,1.99,light rain
653,Bikaner,IN,28.0167,73.3,89.78,60,99,8.61,overcast clouds
654,San Carlos De Bariloche,AR,-41.1456,-71.3082,37.44,54,0,4.61,clear sky
655,Tutoia,BR,-2.7619,-42.2744,76.42,87,41,6.73,scattered clouds
656,Jalu,LY,29.0331,21.5482,83.01,21,0,7.36,clear sky
657,Mpika,ZM,-11.8343,31.4529,53.15,85,55,8.77,broken clouds
658,Cuamba,MZ,-14.8031,36.5372,58.93,87,22,6.73,few clouds
659,Port Macquarie,AU,-31.4333,152.9167,84.16,43,0,6.71,clear sky
660,Zhezkazgan,KZ,47.8043,67.7144,85.01,20,32,6.38,scattered clouds
661,Iralaya,HN,15.0,-83.2333,81.43,83,100,13.65,overcast clouds
662,Hovd,MN,48.0056,91.6419,54.52,80,100,2.48,light rain
663,Pella,RU,59.7775,30.8181,61.95,94,73,5.19,light rain
664,Asmar,AF,35.0333,71.3581,80.76,71,27,3.18,scattered clouds
665,Luwingu,ZM,-10.2621,29.9271,51.69,78,0,5.53,clear sky
666,Miracatu,BR,-24.2814,-47.4597,53.74,98,100,0.74,overcast clouds
667,Santa Maria,BR,-29.6842,-53.8069,48.36,84,75,2.95,broken clouds
668,Ambatolampy,MG,-19.3833,47.4167,42.57,77,1,3.8,clear sky
669,Lakatoro,VU,-16.0999,167.4164,77.02,53,94,9.55,overcast clouds
670,Tafresh,IR,34.692,50.013,71.17,37,86,6.15,overcast clouds
671,Hualmay,PE,-11.0964,-77.6139,63.59,83,23,8.48,few clouds
672,Garissa,KE,-0.4536,39.6401,71.92,70,100,15.59,overcast clouds
673,Santa Cruz,BO,-17.8,-63.1667,69.26,52,75,9.22,broken clouds
674,Filadelfia,US,39.9523,-75.1638,70.11,71,1,0.0,clear sky
675,Russell,US,32.3502,-85.1999,74.91,83,1,0.0,clear sky
676,Morris,US,40.8334,-74.5329,69.08,84,1,0.0,clear sky
677,Atikokan,CA,48.7555,-91.6216,60.58,66,97,6.6,overcast clouds
678,Khuzdar,PK,27.7384,66.6434,85.98,16,6,7.78,clear sky
679,Port-Gentil,GA,-0.7193,8.7815,75.58,76,75,9.42,broken clouds
680,Aplahoue,BJ,6.9333,1.6833,70.99,96,60,4.0,broken clouds
681,Tongliao,CN,43.6125,122.2653,72.73,84,100,7.18,overcast clouds
682,Flinders,AU,-34.5833,150.8552,73.2,74,48,7.0,light rain
683,Omsukchan,RU,62.5333,155.8,44.73,86,100,10.42,light rain
684,Tondon,GN,10.3667,-13.35,71.55,99,100,1.34,overcast clouds
685,Saint-Jacques,CA,45.9501,-73.5659,66.49,65,97,6.51,overcast clouds
686,Show Low,US,34.2542,-110.0298,71.31,71,1,6.91,clear sky
687,Uaua,BR,-9.8414,-39.4817,66.92,87,100,16.58,overcast clouds
688,Lashio,MM,22.9333,97.75,74.39,90,98,2.8,overcast clouds
689,Pestovo,RU,58.5938,35.8024,57.65,93,27,5.53,scattered clouds
690,Elko,US,41.0002,-115.5012,65.8,55,46,7.05,scattered clouds
691,Lebork,PL,54.5392,17.7501,62.92,83,46,12.53,scattered clouds
692,Kikwit,CD,-5.041,18.8162,71.01,29,15,0.43,few clouds
693,Guerrero Negro,MX,27.9769,-114.0611,73.15,78,9,15.5,clear sky
694,Altay,CN,47.8667,88.1167,69.28,39,30,4.41,scattered clouds
695,Ukholovo,RU,53.7929,40.4892,64.85,63,91,3.29,overcast clouds
696,Ibra,OM,22.6906,58.5334,83.95,56,56,3.09,broken clouds
697,Mmathubudukwane,BW,-24.6,26.4333,45.01,50,0,2.1,clear sky
698,Uspenka,UA,48.3903,39.1619,72.46,71,1,2.71,clear sky
